ザ・プレミアム・モルツ,1
ザ・プレミアム・モルツ(中ジョッキ),1
ザ・プレミアム・モルツ（中瓶）,1
ザ・プレミアム・モルツ,1
ザ・プレミアムモルツ（メガジョッキ）,1
ザ・プレミアム・モルツ【瓶】,1
サントリー　ザ・プレミアム・モルツ・マスターズドリーム,1
サントリー　ザ・プレミアム・モルツ,1
ザ・プレミアムモルツ,1
プレミアムモルツ,1
生ビール（プレミアムモルツ　マスターズドリーム）,1
香るプレミアムモルツ、生ビール（中）,1
香るプレミアムモルツ、生ビール（小）,1
サントリー　プレミアムモルツ,1
サントリープレミアムモルツ,1
神泡の香るエール《中生》,1
アサヒスーパードライ,2
スーパードライ,2
アサヒスーパードライ,2
アサヒスーパードライ（ドライブラック）,2
アサヒスーパードライ【瓶】,2
アサヒスーパードライ（中）,2
アサヒスーパードライ(瓶ビール),2
アサヒスーパードライ(生ビール),2
アサヒスーパードライ　555mlジョッキ,2
スーパードライ　中瓶,2
ドライブラック,2
キリン一番搾り,3
キリン一番搾り,3
キリン一番搾り（生）,3
キリン一番搾り〈生〉,3
麒麟一番搾り　生,3
《一番搾り【生】KIRIN》,3
黒ラベル,4
生ビール（黒ラベル）,4
サッポロ黒ラベル,4
ザ・モルツ,5
ザ・モルツ《中瓶》,5
ラガー,6
ラガー瓶,6
キリンラガー【瓶】,6
ラガービール（中瓶）,6
キリンラガー（中）,6
瓶ビール（ラガー）,6
キリンクラシックラガー,6
シャンディ・ガフ,7
シャンディーガフ,7
シャンディガフ,7
カールスバーグ,8
カールスバーグ(小瓶),8
ノンアルコールビール,9
オールフリー,9
オールフリー（瓶）,9
氷でキンキンオールフリー,9
アサヒドライゼロ,9
アサヒドライゼロ(ノンアルコール),9
《ノンアルコール　キリン零ＩＣＨＩ》,9
キリンフリー（ノンアルコール）,9
サッポロプレミアムアルコールフリー,9
キリンフリー（小瓶）,9
ノンアルコールビール(ネストノンエール）,9
零ICHI（ゼロイチ）,9
ノンアルコールビール各種,9
サントリーオールフリー（ノンアルコールビールテイスト飲料）,9
ノンアルコール　麒麟フリー,9
サントリーオールフリー,9
オールフリー(ノンアルコール）,9
ハートランド,10
キリン・ハートランド,10
生ビール(ハートランド),10
コロナ,11
コロナビール,11
金麦,12
金麦　<樽詰>,12
よなよなエール,13
ギネスビール,14
ギネス〈黒ビール〉,14
ギネス,14
GUINESS,14
ダブルカルチャード,15
のどごし生,16
のどごし（生）,16
オリオンビール,17
ビール,18
瓶ビール,18
ビール,18
生ビール,18
《瓶ビール》,18
◇ビール,18
生ビール（中）,18
生ビール（グラス）,18
瓶ビール（中）,18
樽詰生ビール,18
クラフト生ビール　各種,18
サッポロ,18
麦とホップ,18
エビス樽生,19
エビス樽生,19
樽生,19
エビス黒生,20
エビス・ザ・ブラック（黒生）,20
富士燦々ビール,21
青島ビール,22
エビスビール,23
エビス　ハーフ＆ハーフ,23
エビス瓶,23